uid,age,gender,province
2775463701,1980-1989,m,华东
1585440861,1980-1989,m,西南
3136112385,1980-1989,m,华北
1806163710,1980-1989,f,西北
1850000380,1980-1989,m,华东
1743412267,1980-1989,m,华东
2208003731,1990+,m,华东
1629527643,1980-1989,f,华北
2662349711,1980-1989,m,华南
1353942620,1980-1989,m,华东
2150839112,1980-1989,m,华东
2267431360,1980-1989,m,华东
1752148461,1980-1989,m,华北
2349793513,1980-1989,f,华东
2824931453,1980-1989,m,华南
1784018553,1980-1989,f,华南
1301117945,1980-1989,f,华北
3152717312,1980-1989,m,东北
2937010802,1980-1989,m,华北
2305918423,1980-1989,f,华北
2837494161,1980-1989,m,西北
2276936790,1980-1989,m,西南
2481315687,1980-1989,m,华东
1175975417,1980-1989,m,西南
2643917822,1980-1989,m,华北
2179538061,1980-1989,m,西南
1436900913,1980-1989,m,华东
2430931812,1980-1989,m,华北
2667875431,1980-1989,m,华北
1973512993,1990+,m,华北
2564038235,1980-1989,m,华北
2178733493,1990+,m,华东
1369457251,1980-1989,m,华东
1652049090,1990+,m,西北
1866815023,1990+,m,华北
1875969654,1980-1989,f,西南
1429623741,1980-1989,m,华北
2670699760,1980-1989,f,华东
1534678555,1980-1989,m,华北
2402185823,1980-1989,m,华东
1740311633,1980-1989,m,华北
2607707213,1980-1989,m,华东
1695817525,1990+,m,西南
1853750521,1980-1989,m,华北
1181431895,1980-1989,m,华东
2188020015,1980-1989,m,华北
1414874342,1980-1989,m,华北
1747643243,1980-1989,f,华东
2797669124,1980-1989,m,华东
2707920864,1980-1989,f,华东
1820236595,1980-1989,m,华北
3128394350,1980-1989,m,华南
2514531174,1990+,m,华南
2231180301,1980-1989,m,华南
1799884251,1980-1989,f,东北
1891247401,1980-1989,m,华东
1240974840,1980-1989,m,西南
1566232913,1980-1989,m,东北
1847422905,1980-1989,m,华北
1784862801,1980-1989,m,华东
2952006923,1990+,m,西南
1391429917,1980-1989,m,华北
1443204235,1980-1989,m,华中
2588638300,1990+,f,华东
2657751393,1980-1989,m,华东
2503108623,1980-1989,m,华北
2980153113,1990+,m,华北
2574740464,1980-1989,f,华北
1622589630,1980-1989,m,华北
2721732723,1990+,m,西南
2640716583,1980-1989,m,华中
1791115641,1980-1989,f,华东
1773843102,1990+,m,华南
1824248113,1980-1989,m,华北
2421419745,1990+,f,华南
1756626457,1980-1989,m,华东
1227161661,1980-1989,m,东北
2775508144,1980-1989,f,华东
1949830645,1980-1989,f,华北
2790939911,1980-1989,m,华北
1745180290,1990+,m,华北
1619396022,1980-1989,f,华东
1401422865,1980-1989,m,华北
2742261533,1980-1989,m,华东
1882536614,1980-1989,m,华东
2322899875,1980-1989,m,华东
2724817811,1980-1989,m,华北
1655414147,1980-1989,m,华北
1724544161,1980-1989,m,华东
2259343132,1980-1989,m,华东
1882993815,1980-1989,m,华北
1760667707,1990+,m,华南
2132742033,1980-1989,m,华北
2274870443,1980-1989,m,华北
3167612943,1980-1989,m,东北
2679186413,1980-1989,f,东北
1364805843,1980-1989,m,华东
1998447080,1980-1989,m,华东
1805130100,1980-1989,m,华北
2730975234,1990+,m,华北
1695433181,1980-1989,m,华中
1596636453,1980-1989,f,华东
2338461283,1980-1989,f,华北
2264428271,1980-1989,m,华北
1551311961,1980-1989,m,华北
1567657033,1990+,m,西南
1081772631,1980-1989,m,华东
2439750825,1980-1989,f,华南
2495734205,1980-1989,m,西北
2170831601,1990+,f,华北
1662280663,1980-1989,m,华北
2211353587,1980-1989,m,华东
1320655327,1990+,f,华东
2106597335,1980-1989,m,西北
2312636217,1980-1989,m,东北
1067564245,1990+,m,华北
2315856221,1980-1989,m,华北
2273421952,1980-1989,m,华中
1309029131,1980-1989,f,华东
2748509940,1980-1989,m,西南
1423236984,1980-1989,m,华北
2469037041,1980-1989,m,华东
3341215330,1980-1989,m,华北
1118055480,1980-1989,f,华北
2266717031,1980-1989,m,华南
1692258297,1980-1989,m,华北
1791371703,1980-1989,f,华东
1752290457,1990+,f,华东
1768312481,1980-1989,m,华南
1228476524,1980-1989,f,华东
1254271303,1980-1989,m,华北
2329669855,1980-1989,m,华南
2204860062,1980-1989,m,华北
2432310462,1980-1989,m,华东
2111484112,1990+,m,华北
1897582007,1990+,f,华东
2245469471,1980-1989,m,东北
2399202663,1980-1989,m,华北
2365920504,1980-1989,m,华北
1871754191,1980-1989,m,华北
3206847373,1980-1989,m,西南
1651973355,1980-1989,m,华中
3227714251,1980-1989,m,华北
2917973407,1990+,f,华东
2755816213,1980-1989,m,华南
1874412275,1980-1989,m,华东
3187396657,1980-1989,f,华东
1633508920,1980-1989,m,华北
2657448531,1980-1989,m,华北
1486074134,1980-1989,m,华东
1782796481,1990+,m,华东
1371884474,1980-1989,f,华南
2896416914,1980-1989,m,西北
2203523972,1980-1989,m,华东
2445334671,1980-1989,m,华东
2140399895,1980-1989,m,华东
1198649070,1980-1989,m,华南
1767371980,1990+,m,华东
1169098837,1980-1989,f,华南
1843922833,1980-1989,m,东北
3035813681,1990+,m,西北
2689914600,1980-1989,m,华南
1837464592,1980-1989,m,华南
1935514580,1980-1989,f,华北
2623440157,1980-1989,m,华北
1154126064,1980-1989,m,华北
2390705023,1980-1989,m,西南
3128719942,1980-1989,f,华东
2495682195,1980-1989,f,华北
1370557100,1980-1989,m,华东
2496553681,1980-1989,m,华东
1651488551,1980-1989,m,华东
2092347012,1980-1989,m,东北
1258211390,1980-1989,m,华北
2814752397,1980-1989,m,华北
1950471321,1980-1989,m,华北
2769029983,1980-1989,m,西北
2509960752,1980-1989,m,华东
1869091607,1980-1989,f,华北
1880448490,1980-1989,m,华北
1868961154,1980-1989,f,华南
1696372317,1980-1989,m,华南
2205338177,1980-1989,f,华东
1855319517,1980-1989,m,华东
1827764573,1980-1989,m,华北
2263255282,1980-1989,m,华北
2510862543,1980-1989,m,华南
1967671357,1980-1989,m,华北
1685341002,1980-1989,m,华北
1928671575,1980-1989,m,华东
2289709777,1980-1989,m,华北
2189696744,1990+,f,华东
1586432443,1980-1989,f,华北
2427050891,1980-1989,f,华北
1401523087,1980-1989,m,华南
2625997121,1980-1989,m,华南
2784335977,1990+,f,华东
1906733225,1980-1989,m,华北
3079824341,1980-1989,m,华北
2835660065,1980-1989,m,华东
2448082602,1980-1989,m,华北
1875148707,1980-1989,f,华东
2874327040,1980-1989,m,华北
1746852880,1980-1989,m,华东
2675330351,1980-1989,m,华南
2352007324,1980-1989,f,华中
1298970841,1990+,m,华南
2130800155,1990+,m,华东
3326228160,1980-1989,m,东北
2199734863,1980-1989,m,华东
1915584425,1980-1989,m,华北
1728987674,1980-1989,m,华南
3157572164,1980-1989,m,华北
1238040702,1980-1989,m,华东
1143190977,1980-1989,m,华东
1350455380,1980-1989,m,华北
2569678470,1980-1989,m,华东
1713092171,1980-1989,m,华东
1259618275,1980-1989,m,华东
1837762923,1990+,m,西南
3026342787,1980-1989,m,华南
1073374664,1980-1989,m,华北
1739146054,1980-1989,m,华南
1706144641,1980-1989,m,华南
1912602662,1980-1989,m,华中
1082655795,1980-1989,m,华北
1726344282,1980-1989,f,华南
1847867845,1980-1989,f,华北
2535483060,1980-1989,m,西南
1904814771,1980-1989,m,华北
1361696035,1980-1989,f,华东
1792016624,1990+,m,华南
1653272323,1980-1989,m,华东
2906126395,1980-1989,f,华北
1180350117,1980-1989,m,华北
2619846483,1980-1989,m,西南
2368914063,1990+,m,华南
1062187237,1980-1989,m,华北
1631786285,1990+,m,华北
2416628144,1980-1989,m,华东
2349205824,-1979,m,华南
2815053851,1980-1989,m,华北
2805382354,1980-1989,m,华北
2653820573,1980-1989,m,华北
1689211352,1980-1989,m,华北
1222870324,1980-1989,m,华东
1914671373,1990+,f,华东
2812390521,1980-1989,f,华北
3119956507,1980-1989,m,华南
2089771773,1990+,m,华北
2638910501,1990+,m,华北
1366428145,1980-1989,m,华东
2339192905,1980-1989,m,华东
1217989875,1980-1989,m,华北
2377078151,1980-1989,m,华北
1752852412,1980-1989,m,华北
1450412282,1980-1989,m,华东
2425601050,1980-1989,m,西南
1645648351,1980-1989,m,华南
2797109895,1980-1989,m,华南
1846218985,1980-1989,m,华南
1784061974,1980-1989,m,华南
2506218074,1980-1989,f,华北
1782008280,1980-1989,f,华东
1880700695,1980-1989,m,华北
1849115272,1980-1989,m,东北
2425164107,1990+,m,华北
1781880382,1980-1989,f,华北
1493010220,1980-1989,m,华北
2108129674,1990+,m,西北
3178838240,1980-1989,m,华北
2230527324,1980-1989,m,华北
1660210445,1980-1989,m,华北
1972605164,1980-1989,m,华东
2498753683,1980-1989,f,华北
1897650370,1980-1989,m,华东
1095348972,1980-1989,f,华北
1086482047,1980-1989,f,华北
1673944117,1980-1989,m,华北
2076265341,1980-1989,f,东北
1972433407,1990+,f,华北
2494987704,1980-1989,m,华东
2413703793,1980-1989,m,华东
2143180245,1990+,m,华南
2844198345,1990+,f,华中
2785613607,1990+,m,华东
1572623734,1990+,f,华北
2832828650,1980-1989,m,华东
1971409513,1980-1989,m,华南
1868708977,1980-1989,f,华北
1804520341,1980-1989,m,华北
2734091603,1980-1989,m,华中
1592871341,1980-1989,m,西南
1877920917,1980-1989,m,华北
3179054941,1990+,m,华南
2904949690,1980-1989,m,华南
2845614373,1980-1989,m,华北
2695911600,1980-1989,m,华北
1749053427,1980-1989,m,华南
2207701842,1980-1989,m,华北
1869335227,1980-1989,m,华南
2387418905,1980-1989,m,华东
1690401877,1980-1989,f,华北
2810748791,1990+,m,西南
2610104953,1980-1989,m,华中
2294953760,1980-1989,m,华东
2559416394,1980-1989,m,华东
1911862417,1990+,m,西南
1659428667,1990+,f,华中
2575744294,1980-1989,m,华东
3192180342,1980-1989,m,华北
1167037354,1990+,f,华东
2484939862,1980-1989,m,西南
2383970027,1980-1989,m,西南
1744381441,1980-1989,m,华北
1453457135,1980-1989,m,华北
1815559532,1980-1989,f,西南
3257411590,1990+,m,华北
2564189881,1980-1989,m,华北
1764881420,1980-1989,m,华东
2887049881,1980-1989,m,华东
1909699087,1980-1989,f,西北
1960665785,1990+,m,华东
1789444791,1980-1989,m,华中
2718526513,1980-1989,m,华东
1831298060,1980-1989,m,华东
2692287963,1980-1989,f,华北
2230910281,1980-1989,m,华中
1989653225,1980-1989,m,华南
1668134532,1980-1989,m,华东
1304289710,1980-1989,m,华东
1811820305,1990+,m,西南
1869088172,1980-1989,m,华南
2017344461,1980-1989,m,华北
1903728693,1980-1989,m,华中
2196839725,1980-1989,m,华北
1904390557,1980-1989,m,华北
1400771093,-1979,m,华中
3056988735,1980-1989,m,华东
2537364095,1980-1989,m,华南
2260774397,1980-1989,m,华东
1311534325,1980-1989,f,华东
2403191563,1980-1989,m,华北
1216795565,1980-1989,m,华北
2411295121,1980-1989,m,华北
1820649290,1980-1989,f,西南
2612653585,1980-1989,m,华北
2097517903,1980-1989,m,华北
2107380817,1980-1989,m,西南
2506153190,1980-1989,m,华东
2354397934,1980-1989,f,华北
1684593533,1980-1989,m,华南
3091740701,1990+,m,华北
2608609420,1980-1989,m,华南
2406657010,1980-1989,m,华东
2762276245,1980-1989,m,华北
3055965743,1980-1989,m,华东
2044888381,1980-1989,m,华中
1029567183,1980-1989,m,华北
1854142525,1980-1989,m,华东
2623980461,1980-1989,m,华北
1026095792,1980-1989,m,华东
1656282495,1980-1989,m,华北
2949503903,1990+,m,华南
2561341187,1980-1989,m,华北
36407257,1980-1989,m,华南
1790118144,1980-1989,f,华中
1904305252,1980-1989,m,西南
2307885497,1980-1989,m,华东
1593031370,1980-1989,m,华南
1911443683,1980-1989,f,华北
1304008612,1980-1989,f,华东
1941342295,1980-1989,m,华东
2950812610,1980-1989,m,华东
1409918880,1980-1989,m,华北
3202558514,1980-1989,m,华北
1664408277,1980-1989,f,华北
1801233885,1990+,m,西南
1424276064,1980-1989,m,华东
1947027313,1980-1989,m,华中
1870889384,1980-1989,m,华北
1785108597,1980-1989,m,西南
1439276102,1980-1989,m,华东
1741487741,1980-1989,m,华中
2376558805,1980-1989,m,西南
2619690422,1990+,f,华东
2113154687,1980-1989,m,华南
3098170705,1980-1989,f,华东
1973522630,1980-1989,m,西南
3149831080,1980-1989,m,华东
2553102145,1980-1989,m,华北
1561900137,1980-1989,m,华东
1404202485,1980-1989,m,华北
2501855701,1980-1989,m,华北
2707101851,1980-1989,m,西南
1404456230,1980-1989,m,华北
2246375172,1980-1989,m,华南
2354851307,1980-1989,m,华南
2630267160,1980-1989,m,华南
1701008581,1980-1989,m,华北
2958870623,1980-1989,m,华北
2537982900,1980-1989,f,华北
85881888,1980-1989,m,华东
2129031064,1980-1989,m,华南
1535077593,1980-1989,m,华东
1048098007,1980-1989,m,华东
1212946692,1980-1989,m,华南
1757386721,1980-1989,m,华东
2393915900,1990+,m,华东
2427920275,1980-1989,m,华北
1210848117,1980-1989,m,华东
2862246822,1980-1989,f,华北
2649813313,1980-1989,f,华东
1082420940,1980-1989,m,华北
1900879241,1980-1989,m,华东
1707881443,1980-1989,f,华东
2507796045,1980-1989,f,华中
2614249263,1990+,f,华北
2691282791,1980-1989,m,华南
2470248470,1980-1989,m,西南
2770605382,1980-1989,m,华东
2243002475,1980-1989,m,华中
1550899934,1980-1989,m,华北
2105814823,1980-1989,f,华北
2389228500,1980-1989,m,华中
1359530197,1980-1989,m,华北
1704625624,1980-1989,m,华东
2474132495,1980-1989,m,华北
1872130685,1980-1989,m,华北
2427135073,1990+,m,华北
1109484895,1980-1989,m,华南
1827147222,1990+,m,华北
1080114825,1980-1989,m,东北
1746171492,1980-1989,m,华东
2234021232,1980-1989,m,华北
1655219125,1980-1989,m,华东
1580128530,1980-1989,m,华东
2044199527,1980-1989,m,华南
2311674261,1980-1989,m,华东
1773951174,1980-1989,m,华北
2804557451,1980-1989,m,华南
1752233173,1980-1989,f,华东
2710871370,1980-1989,m,西南
3124455753,1980-1989,m,华东
1663300912,1990+,m,华北
1736406563,1980-1989,m,东北
1927317025,1990+,f,华北
1670201175,1980-1989,m,华南
2565350770,1980-1989,m,华中
1678907992,1980-1989,m,西南
1891743844,1980-1989,m,华北
2543873633,1980-1989,f,西南
1655718884,1990+,m,华北
2384305011,1980-1989,m,华北
3182814772,1980-1989,m,华东
2552760570,1980-1989,m,华北
2700668292,1980-1989,m,华南
2502529240,1980-1989,m,华南
1925146627,1980-1989,m,华北
1714865565,1980-1989,f,华东
1593378423,1980-1989,f,华东
1046207772,1980-1989,m,华北
1950871960,1980-1989,m,华东
1943505472,1990+,m,东北
1567509020,1980-1989,f,华北
2651800493,1990+,f,华东
2403392314,1980-1989,m,华南
1963699563,1980-1989,m,西北
2285664970,1980-1989,m,华北
1890949337,1980-1989,m,华北
1234491327,1980-1989,m,华南
2627345571,1980-1989,f,华北
1405433097,1980-1989,m,华北
1680592964,1980-1989,m,西南
2537754962,1980-1989,m,华东
2532683722,1980-1989,m,华东
1372510681,1990+,m,华东
2132380980,1980-1989,m,华南
2728914857,1980-1989,m,华东
2638269701,1980-1989,m,华东
1744386610,1980-1989,m,华北
3155084540,1980-1989,m,华南
2279228045,1980-1989,m,华东
1213059394,1980-1989,m,华南
1646471105,1980-1989,m,华东
1560660355,1980-1989,f,华东
1974837285,1980-1989,m,华北
1279750675,1980-1989,m,西南
2709086545,1980-1989,m,华北
1789005393,1980-1989,f,华中
2136749667,1980-1989,m,华北
1410016511,1980-1989,m,华北
1700614303,1980-1989,m,华东
2296571643,1980-1989,f,华南
2729418627,1980-1989,m,西北
2730365161,1980-1989,f,华东
2774544673,1980-1989,m,华北
2216382331,1980-1989,m,华北
1400098041,1980-1989,m,华南
1808485297,1980-1989,m,华北
1526297793,1980-1989,f,华东
2836264830,1980-1989,m,华北
2973026154,1980-1989,m,华南
2568971000,1980-1989,m,华东
2514180551,1980-1989,m,华北
2336791927,1980-1989,m,华南
1771315090,1980-1989,m,华东
2459711325,1990+,m,华南
1843975422,1980-1989,m,华东
1775567130,1980-1989,m,华北
1561046121,1980-1989,m,华北
1136170060,1980-1989,f,华北
1081286043,1980-1989,m,华南
1951264841,1990+,m,华北
1825381655,1990+,f,华南
2405278354,1980-1989,m,华东
2636791800,1990+,m,华东
1683667735,1980-1989,f,西南
2521942483,1980-1989,m,华北
1202178165,1990+,m,华北
1430378363,1980-1989,m,华东
2528459362,1980-1989,m,华北
2000394201,1980-1989,m,华北
3058571533,1980-1989,m,华北
2384469307,1980-1989,m,东北
3165880660,1980-1989,m,华南
2266192447,1980-1989,m,华南
2276432117,1980-1989,m,华东
1180502585,1980-1989,m,华东
2150403197,1980-1989,m,华北
2206164465,1980-1989,f,华中
1820484135,1980-1989,f,华北
2253173032,1980-1989,m,西南
1843716802,1980-1989,m,华东
1887268220,1980-1989,f,华东
2672045501,1980-1989,m,华东
2644828083,1990+,f,西北
1937383811,1980-1989,m,华东
2365600394,1980-1989,m,华东
2129306131,1980-1989,m,华北
1611338545,1980-1989,m,华南
3098514301,1990+,m,华东
1739128605,1980-1989,m,华南
2645184491,1980-1989,m,西南
2498081120,1980-1989,m,华北
2536098340,1980-1989,f,东北
2249496385,1990+,f,华中
2022772663,1980-1989,f,华北
1851396492,1990+,m,西北
1336351400,1980-1989,m,华南
1631057950,1980-1989,m,华北
3164061791,1980-1989,m,华南
1946409491,1980-1989,m,华南
1951083117,1980-1989,m,华东
2402424174,1980-1989,m,华南
2894146075,1980-1989,m,华北
1421074181,1980-1989,f,华南
2709303095,1980-1989,m,华东
2718733481,1980-1989,f,华北
2297803581,1980-1989,m,西北
2821834280,1980-1989,m,华北
2772641082,1980-1989,m,华南
3204167305,1980-1989,m,东北
2056071057,1980-1989,m,西南
1577671492,1980-1989,m,华北
1676417930,1980-1989,m,华东
2458572521,1990+,m,华南
1769167525,1980-1989,m,华中
2111661731,1980-1989,m,华北
1917435964,1980-1989,m,华东
1947767835,1980-1989,m,华北
2612335761,1980-1989,m,华北
2533956354,1980-1989,m,华北
3018142421,1980-1989,f,华南
1762504152,1990+,m,华南
2654118001,1980-1989,m,华东
2448626895,1980-1989,m,华北
2552029717,1980-1989,m,华北
1821516832,1980-1989,m,东北
1242491005,1980-1989,m,华东
2680044593,1980-1989,f,华北
1164940481,1980-1989,m,西南
1849260573,1980-1989,m,华东
2385569543,1980-1989,m,华北
1444566615,1980-1989,m,华东
3229757700,1980-1989,m,华南
2200292590,1980-1989,f,华东
1704281311,1980-1989,m,华南
1010554831,1980-1989,m,华南
1652187672,1980-1989,m,华南
1878793743,1980-1989,f,西南
1717178103,1980-1989,m,华南
3154972237,1990+,m,西南
1826905190,1980-1989,m,华南
1798117135,1980-1989,m,华东
2303187535,1980-1989,m,西南
1624082274,1980-1989,m,华北
2055509375,1980-1989,f,华北
1802948731,1980-1989,m,华北
1731031795,1980-1989,m,华北
2181797375,1980-1989,m,华北
1907411770,1980-1989,f,华北
2715413601,1980-1989,m,西北
1889150792,1980-1989,m,华东
2105354510,1980-1989,m,华东
2830769462,1980-1989,f,华东
1689591471,1990+,m,华中
1256124482,1980-1989,m,华东
2389510393,1980-1989,m,东北
1605624980,1980-1989,m,华东
1832899381,1980-1989,f,华北
2330267567,1980-1989,m,华北
1862622922,1990+,m,华南
1569256345,1980-1989,m,华中
1763266503,1990+,m,华北
2354090415,1980-1989,m,西北
1706776895,1980-1989,m,华北
2948535201,1980-1989,m,华北
1973291605,1980-1989,m,华北
1337381531,1980-1989,m,东北
2256919917,1980-1989,f,华北
1613017723,1990+,f,华东
1878440040,1980-1989,m,华北
1845354127,1980-1989,f,华东
1401785002,1980-1989,m,华东
1716990407,1980-1989,f,华东
1757077381,1980-1989,m,华北
2111181653,1980-1989,m,华北
2756929747,1980-1989,m,华北
2818723755,1980-1989,m,华南
1819635277,1980-1989,f,华北
1850144891,1980-1989,m,华南
1149035224,1980-1989,m,华北
2322442152,1980-1989,f,华东
2270865927,1980-1989,m,华北
2549565421,1980-1989,m,华南
1871406923,1980-1989,m,华北
1846246675,1980-1989,m,华南
1675246960,1980-1989,m,西南
2511741151,1980-1989,m,华北
1015263685,1980-1989,m,华北
2096395595,1980-1989,f,华南
2890979751,1980-1989,m,华北
3161859491,1980-1989,m,华北
2132934821,1990+,m,华东
2023594013,1980-1989,m,华北
1579045253,1980-1989,m,华东
2213080505,1980-1989,m,华北
2160812927,1980-1989,m,华东
2481199652,1980-1989,f,华北
1923214905,1980-1989,f,华北
2808829835,1980-1989,m,华北
1797627874,1980-1989,m,华东
1342147282,1980-1989,m,华北
1655136275,1980-1989,m,华北
3271593641,1980-1989,m,华北
1790033941,1980-1989,m,华北
3054725901,1980-1989,m,华北
2843910674,1980-1989,m,华东
2743059347,1980-1989,m,华东
1763363811,1980-1989,m,华北
2078579195,1980-1989,m,华北
1735226874,1980-1989,m,华南
1569185307,1980-1989,m,华北
2683110630,1980-1989,m,华北
2145433191,1980-1989,m,华南
2649129201,1980-1989,m,华东
1044789120,1980-1989,m,华东
1842726523,1980-1989,m,华北
1682460452,1980-1989,m,华北
2175545804,1980-1989,m,华南
2103990263,1980-1989,m,华东
2218616427,1980-1989,m,华东
1612287434,1980-1989,m,华中
2852809432,1980-1989,m,华南
3151326384,1980-1989,m,华东
1827511317,1980-1989,m,华东
1628442321,1980-1989,m,华北
2342095465,1980-1989,m,华北
1857549511,1990+,m,西南
1144525902,1980-1989,m,华东
2522108025,1980-1989,m,华北
1044975222,1980-1989,m,东北
2854188982,1980-1989,f,华北
2731951453,1990+,m,华中
2265428800,1980-1989,m,华东
1857041743,1990+,f,华北
1790038634,1990+,m,华东
3174172605,1980-1989,m,华北
2309449173,1980-1989,m,华北
1364701794,1980-1989,m,华中
1826665131,1980-1989,f,华东
1881395903,1980-1989,f,东北
2672797953,1980-1989,m,华北
1028859911,1980-1989,m,华东
1865949691,1980-1989,m,华南
2675142680,1980-1989,m,华南
1351012322,1980-1989,f,华北
1019005280,1980-1989,m,华南
1800519605,1980-1989,m,华北
3204864835,1980-1989,m,华北
2387159551,1980-1989,m,华东
2174907263,1990+,m,华中
1750716655,1980-1989,m,华北
1750376753,1980-1989,m,华东
1614402044,1980-1989,m,东北
1065688531,1980-1989,m,华北
2236409380,1990+,m,华南
1860987250,1980-1989,m,华东
2369844762,1980-1989,f,华南
1194080941,1980-1989,m,华北
1891915553,1980-1989,m,西北
1590802710,1980-1989,f,华北
2683635891,1980-1989,m,华北
1828420187,1990+,m,华东
1884495395,1980-1989,m,华北
3164023035,1980-1989,m,华北
2218057087,1980-1989,m,华南
1993022825,1980-1989,m,华东
2117364942,1980-1989,m,华南
1886034342,1990+,m,华北
2806781512,1980-1989,m,华东
3172058193,1980-1989,m,华北
1557895317,1980-1989,m,华南
2362724291,1980-1989,m,华中
2034927202,1980-1989,m,华东
1829288844,1980-1989,m,华东
2044221315,1980-1989,m,华南
2210375590,1990+,m,西南
1763552992,1980-1989,f,华南
1025063207,1980-1989,m,华东
2796159840,1980-1989,m,华北
2673384233,1980-1989,m,华南
1713394543,1980-1989,f,华东
1460250771,1980-1989,m,华北
3153982355,1980-1989,m,华东
2232523170,1980-1989,m,华南
2802053524,1990+,m,华东
1909016513,1980-1989,m,华北
1755426127,1980-1989,m,华东
2685180230,1980-1989,m,华南
2341976130,1980-1989,m,华南
1673187344,1980-1989,m,华北
1505179125,1980-1989,f,华东
2464330850,1980-1989,m,华北
1802472897,1980-1989,m,华东
1459932801,1980-1989,m,西南
1066932501,1980-1989,m,华东
2466258235,1990+,f,华北
1894374581,1980-1989,f,华南
2067504207,1980-1989,m,华东
1878851452,1980-1989,m,华南
2308003093,1980-1989,f,华中
1088886173,1980-1989,m,华南
1450992545,1980-1989,m,华东
1134820513,1980-1989,m,华东
1402681787,1980-1989,m,华北
1590497077,1980-1989,m,华北
2479928974,1990+,m,华中
1342419151,1980-1989,m,华东
1262724831,1980-1989,m,华南
1268934587,1980-1989,m,华东
1429913582,1980-1989,m,华东
2168566477,1980-1989,m,华北
2473387097,1980-1989,f,东北
1283514072,1980-1989,m,华北
2701059532,1980-1989,f,华北
2714678121,1980-1989,m,华东
2611909783,1980-1989,m,东北
1795193272,1980-1989,m,西南
1616059977,1980-1989,m,华北
2390109473,1980-1989,m,华南
2275533953,1990+,f,华东
2627584383,1980-1989,m,华东
1655732820,1980-1989,m,华南
1745330403,1980-1989,f,西南
2320811580,1980-1989,m,华北
2205539963,1980-1989,m,华北
2207715463,1980-1989,m,华中
2659196643,1980-1989,m,华东
2468328091,1980-1989,m,华北
2180426925,1980-1989,m,华北
3127686344,1980-1989,m,华北
2928274092,1990+,m,华南
1481948243,1980-1989,m,西南
2657063365,1980-1989,m,西南
2296739275,1980-1989,m,华北
2137876737,1980-1989,f,华南
3066415743,1980-1989,m,华东
2640694584,1980-1989,m,华东
2942593560,1980-1989,m,西北
2571910710,1980-1989,m,华中
1967887737,1980-1989,m,华北
2709447741,1980-1989,m,华东
2551338023,1990+,f,东北
2661045443,1980-1989,m,华东
1973014840,1980-1989,m,西南
1925151324,1980-1989,m,华东
1164111482,1980-1989,m,华北
1653069764,1980-1989,m,西北
1862475864,1980-1989,m,华东
2321552464,1980-1989,f,华北
2659750053,1980-1989,m,华北
2694884904,1980-1989,m,华南
2903477913,-1979,m,华南
2913981407,1980-1989,m,华北
1358649320,1980-1989,m,华北
2628035477,1980-1989,m,华东
3097085287,1980-1989,m,华北
2307919703,1980-1989,f,华北
1130358012,1980-1989,m,华东
1714337942,1980-1989,m,华东
1146484450,1990+,f,华北
2535953562,1980-1989,m,华北
1978099591,1980-1989,m,华南
2516165743,1980-1989,m,华北
1772141970,1980-1989,m,华东
2315869661,1980-1989,m,华北
1934463567,1980-1989,m,西南
1449606915,1980-1989,m,华东
2013966904,1980-1989,m,华南
2511704410,1980-1989,m,华北
1686377400,1980-1989,m,华北
1658591610,1980-1989,m,华北
1768137164,1980-1989,m,华南
1817067173,1980-1989,m,华北
2646867943,1980-1989,m,华北
2916863225,1980-1989,m,华北
1875770121,1990+,m,华南
1095437187,1980-1989,m,华北
1423034570,1980-1989,m,华东
1876037943,1980-1989,f,华北
2790414212,1980-1989,m,华北
1917528345,1980-1989,m,东北
2219067353,1980-1989,m,西北
1279023363,1980-1989,m,华北
1784030403,1980-1989,m,华南
1557967392,1980-1989,m,华北
1763496702,1980-1989,m,华北
2403308005,1980-1989,m,华东
2308722964,1980-1989,m,华南
2583009800,1990+,f,华中
2099764285,1980-1989,m,华北
1764080752,1980-1989,m,华南
1574901384,1980-1989,m,华北
2301314580,1990+,m,华北
1421405587,1990+,m,西北
1268469180,1990+,f,华北
2706812181,1980-1989,m,华东
3224357922,1980-1989,m,华北
1747876700,1980-1989,m,华东
2432989725,1980-1989,m,华南
1785976792,1980-1989,m,西南
1821796503,1980-1989,m,华东
1914623354,1980-1989,m,华北
1875218733,1980-1989,m,华北
1816298595,1980-1989,m,华北
1752733360,1990+,m,华中
1605081383,1980-1989,m,西北
2646875691,1980-1989,m,华北
1879087757,1980-1989,m,华北
1888723111,1980-1989,f,华北
1700064781,1980-1989,m,华东
2766594152,1980-1989,m,华北
2257029027,1980-1989,m,华南
2050268993,1980-1989,m,华北
1093552572,1980-1989,m,西北
1737499791,1980-1989,m,华中
2262608590,1980-1989,m,华南
1906817425,1980-1989,m,华东
2095465651,1990+,m,华北
2199716397,1980-1989,f,华东
2687465613,1980-1989,m,华北
2207933493,1980-1989,f,华北
1889726467,1980-1989,f,华东
1843553850,1980-1989,m,华东
2785823930,1980-1989,m,西北
2627791984,1980-1989,m,华东
2272536082,1980-1989,m,华中
1892229353,1980-1989,m,西南
1961950242,1980-1989,m,华北
1828697902,1980-1989,m,华北
2871952890,1980-1989,f,华东
2713133091,1980-1989,m,东北
2716925725,1990+,m,华北
1084506095,1980-1989,m,西南
2297114364,1980-1989,m,华东
1822102310,1980-1989,m,华南
2623574883,1980-1989,m,西南
1807787447,1980-1989,m,西南
1807653990,1980-1989,m,华东
1259167387,-1979,m,华东
2817880744,1990+,f,西南
1916042452,1980-1989,f,华南
1992928272,1980-1989,f,华北
3095141557,1980-1989,m,东北
1797199785,1980-1989,f,华东
1409881495,1980-1989,m,华南
1717632821,1980-1989,m,华北
1771550825,1980-1989,m,华东
2282459260,1990+,f,西南
1791444517,1980-1989,m,华北
2338924007,1980-1989,f,华北
1489958432,1980-1989,m,华北
1544483892,1980-1989,m,华北
1888205693,1990+,m,华北
1701848840,1980-1989,m,华北
1221781763,1980-1989,m,华东
1823586962,1980-1989,m,华北
2304435725,1980-1989,m,华东
1669200370,1980-1989,f,华北
2567323907,1990+,m,华南
1630452315,1980-1989,m,华东
2554709357,1980-1989,m,华北
1513572131,1980-1989,m,华北
1199256374,1980-1989,m,华东
1408702461,1980-1989,m,华东
3048327977,1980-1989,m,华北
1692776767,1980-1989,m,华北
2364478010,1980-1989,m,华北
1361329393,1980-1989,m,华北
1871983194,1980-1989,m,华南
2369014062,1980-1989,m,西南
2246515967,1980-1989,m,华东
1774190893,1980-1989,m,华东
2266014712,1980-1989,m,华东
1785587103,1980-1989,m,华中
1948033613,1980-1989,m,华东
2718960911,1980-1989,m,西北
1868517934,1980-1989,m,华北
2953446684,1980-1989,m,华东
1857234890,1980-1989,m,华东
2659500371,1980-1989,m,华北
1001892665,1980-1989,m,西南
1800294004,1980-1989,f,华南
2609577162,1980-1989,m,华东
1768369801,1980-1989,m,华东
2624283101,1980-1989,m,华中
1434324483,1980-1989,m,华东
1977642431,1980-1989,m,华北
1009405710,1980-1989,m,东北
1233062934,1980-1989,m,华南
2880507220,1980-1989,m,华北
1870635365,1980-1989,f,华北
1149747961,1980-1989,f,华东
3213626021,1980-1989,m,华北
3025804590,1980-1989,f,华南
2417203125,1980-1989,m,华北
1758661611,1990+,m,华北
2675833701,1980-1989,m,华北
1887327501,1980-1989,m,华东
1682059491,1980-1989,m,华东
1740598922,1980-1989,m,华东
2524010904,1980-1989,m,华北
2682210294,1980-1989,m,华东
1260006365,1980-1989,f,华北
2217540607,1990+,f,华东
2078548831,1980-1989,m,华北
1860803650,1980-1989,f,华北
1799512957,1980-1989,m,华北
1904038511,1980-1989,m,华东
1772111777,1980-1989,f,华东
2480598637,1990+,f,华北
2336200461,1990+,m,华东
1649489460,1980-1989,f,华东
1816307954,1980-1989,m,华北
2204256991,1980-1989,f,华北
2663905674,1980-1989,m,华东
2357485157,1980-1989,m,华北
2347137397,1980-1989,m,华中
1731170451,1980-1989,m,华南
2213944521,1980-1989,m,华北
1407474453,1980-1989,m,华南
2674550855,1980-1989,m,华北
2512208257,1980-1989,m,华北
1783119060,1980-1989,f,华南
1406188225,1980-1989,m,华东
1365101213,1980-1989,m,华北
1069505673,1980-1989,m,华东
3034711345,1980-1989,m,华北
